﻿"Target URL:","https://twitter.com/rodyoki","","","","","","","","","","",""
"Search Query:","from:rodyoki include:retweets include:nativeretweets","","","","","","","","","","",""
"rodYoki","@rodyoki","","","","","","","","","","",""
"Tweet range:","<unspecified> (unknown) ~ <unspecified> (unknown)","","","","","","","","","","",""
"Image : on  /  GIF : off  /  Video : off  /  No media : off  /  include RTs : off","","","","","","","","","","","",""
"Tweet date","Action date","Display name","Username","Tweet URL","Media type","Media URL","Saved filename","Remarks","Tweet content","Replies","Retweets","Likes"
"2021/02/20 13:28:03","","rodYoki","@rodyoki","https://twitter.com/rodyoki/status/1363163517738774529","Image","https://pbs.twimg.com/media/Eurt3IgXMAMr1r6?format=png&name=orig","rodyoki-1363163517738774529-20210220_132803-img1.png","","black &amp; white to color social experiment https://t.co/pjgcwbDG7R",2,7,33
"2021/02/20 13:28:03","","rodYoki","@rodyoki","https://twitter.com/rodyoki/status/1363163517738774529","Image","https://pbs.twimg.com/media/Eurt3I-XYAI0-Ib?format=jpg&name=orig","rodyoki-1363163517738774529-20210220_132803-img2.jpg","","black &amp; white to color social experiment https://t.co/pjgcwbDG7R",2,7,33
"2021/02/01 00:51:26","","rodYoki","@rodyoki","https://twitter.com/rodyoki/status/1356087739628867586","Image","https://pbs.twimg.com/media/EtHKfstXYAIJwvN?format=png&name=orig","rodyoki-1356087739628867586-20210201_005126-img1.png","","late night PTSD Steven Universe doodles https://t.co/qmpkDRrTXI",1,2,16
"2021/02/01 00:51:26","","rodYoki","@rodyoki","https://twitter.com/rodyoki/status/1356087739628867586","Image","https://pbs.twimg.com/media/EtHKgobW4AEDm30?format=jpg&name=orig","rodyoki-1356087739628867586-20210201_005126-img2.jpg","","late night PTSD Steven Universe doodles https://t.co/qmpkDRrTXI",1,2,16
"2021/01/29 22:59:33","","rodYoki","@rodyoki","https://twitter.com/rodyoki/status/1355334806335315972","Image","https://pbs.twimg.com/media/Es8cc7MXYAEinsv?format=jpg&name=orig","rodyoki-1355334806335315972-20210129_225933-img1.jpg","","#ArtTrain, si me taguean entonces tagueo a otros sin su consentimiento.
@YisusBJ1 @sempapaya @sunset_breaker https://t.co/tWs4a1UzDC",2,4,9
"2021/01/29 22:59:33","","rodYoki","@rodyoki","https://twitter.com/rodyoki/status/1355334806335315972","Image","https://pbs.twimg.com/media/Es8cgVFXYAA68hx?format=png&name=orig","rodyoki-1355334806335315972-20210129_225933-img2.png","","#ArtTrain, si me taguean entonces tagueo a otros sin su consentimiento.
@YisusBJ1 @sempapaya @sunset_breaker https://t.co/tWs4a1UzDC",2,4,9
"2021/01/29 22:59:33","","rodYoki","@rodyoki","https://twitter.com/rodyoki/status/1355334806335315972","Image","https://pbs.twimg.com/media/Es8ch-EXEAYgIM_?format=jpg&name=orig","rodyoki-1355334806335315972-20210129_225933-img3.jpg","","#ArtTrain, si me taguean entonces tagueo a otros sin su consentimiento.
@YisusBJ1 @sempapaya @sunset_breaker https://t.co/tWs4a1UzDC",2,4,9
"2021/01/29 22:59:33","","rodYoki","@rodyoki","https://twitter.com/rodyoki/status/1355334806335315972","Image","https://pbs.twimg.com/media/Es8cnwHW4AYcb9u?format=jpg&name=orig","rodyoki-1355334806335315972-20210129_225933-img4.jpg","","#ArtTrain, si me taguean entonces tagueo a otros sin su consentimiento.
@YisusBJ1 @sempapaya @sunset_breaker https://t.co/tWs4a1UzDC",2,4,9
"2021/01/28 14:48:30","","rodYoki","@rodyoki","https://twitter.com/rodyoki/status/1354848841338671112","Image","https://pbs.twimg.com/media/Es1jfUEXcAAiQBm?format=jpg&name=orig","rodyoki-1354848841338671112-20210128_144830-img1.jpg","","Sapito (música reggaeton de fondo). Petición de @valtttt https://t.co/Ny4Tai1Qdo",1,4,14
"2021/01/05 21:14:26","","rodYoki","@rodyoki","https://twitter.com/rodyoki/status/1346611045780041733","Image","https://pbs.twimg.com/media/ErAfNEkW4AIIllz?format=jpg&name=orig","rodyoki-1346611045780041733-20210105_211426-img1.jpg","","felt like a good time to make a Gengar, although it's always a good time to make a Gengar.
#Pokemon #digitalart https://t.co/NFxXyQtOYO","",4,11
"2021/01/04 20:40:09","","rodYoki","@rodyoki","https://twitter.com/rodyoki/status/1346240027257409536","Image","https://pbs.twimg.com/media/Eq7N_5lXEAA5iZA?format=jpg&name=orig","rodyoki-1346240027257409536-20210104_204009-img1.jpg","","@Bundeluxe my favourite Hanna-Barbera character https://t.co/KTw2cWoPGg","","",1
"2021/01/04 20:36:00","","rodYoki","@rodyoki","https://twitter.com/rodyoki/status/1346238985862049792","Image","https://pbs.twimg.com/media/Eq7NCFNXYAEzgvM?format=jpg&name=orig","rodyoki-1346238985862049792-20210104_203600-img1.jpg","","attempting that cool shiny metal effect thingy and happy new year i guess https://t.co/gVsjeVBESl","",2,9
"2020/12/03 21:49:23","","rodYoki","@rodyoki","https://twitter.com/rodyoki/status/1334661041272270851","Image","https://pbs.twimg.com/media/EoWqP1SXUAASuNp?format=jpg&name=orig","rodyoki-1334661041272270851-20201203_214923-img1.jpg","","oh yeah this thing, made ages ago. I'll stop stealing from Mignola soon enough.
#TF2 #digitalart https://t.co/DjGXD72BQM",2,5,15
"2020/11/26 19:32:37","","rodYoki","@rodyoki","https://twitter.com/rodyoki/status/1332089905892257800","Image","https://pbs.twimg.com/media/EnyIVzpW4AQuY_c?format=png&name=orig","rodyoki-1332089905892257800-20201126_193237-img1.png","","Leftovers from ancient times (sorry for no kewl drawing this week, it's been kinda busy) https://t.co/9aJirx9nFB",1,3,18
"2020/11/26 19:32:37","","rodYoki","@rodyoki","https://twitter.com/rodyoki/status/1332089905892257800","Image","https://pbs.twimg.com/media/EnyIYEnWMAA1Grb?format=png&name=orig","rodyoki-1332089905892257800-20201126_193237-img2.png","","Leftovers from ancient times (sorry for no kewl drawing this week, it's been kinda busy) https://t.co/9aJirx9nFB",1,3,18
"2020/11/26 19:32:37","","rodYoki","@rodyoki","https://twitter.com/rodyoki/status/1332089905892257800","Image","https://pbs.twimg.com/media/EnyIZ1iXEAEPFOR?format=jpg&name=orig","rodyoki-1332089905892257800-20201126_193237-img3.jpg","","Leftovers from ancient times (sorry for no kewl drawing this week, it's been kinda busy) https://t.co/9aJirx9nFB",1,3,18
"2020/11/26 19:32:37","","rodYoki","@rodyoki","https://twitter.com/rodyoki/status/1332089905892257800","Image","https://pbs.twimg.com/media/EnyIbXWXUAcWyxj?format=png&name=orig","rodyoki-1332089905892257800-20201126_193237-img4.png","","Leftovers from ancient times (sorry for no kewl drawing this week, it's been kinda busy) https://t.co/9aJirx9nFB",1,3,18
"2020/11/21 20:16:26","","rodYoki","@rodyoki","https://twitter.com/rodyoki/status/1330288994505150472","Image","https://pbs.twimg.com/media/EnYh5S2XYAM_Ub2?format=jpg&name=orig","rodyoki-1330288994505150472-20201121_201626-img1.jpg","","idk, a bunch of Evil Con Carne clips started appearing on my recommended videos tab.
#digitalart #evilconcarne https://t.co/pOkakDyQez",2,3,23
"2020/11/21 20:16:26","","rodYoki","@rodyoki","https://twitter.com/rodyoki/status/1330288994505150472","Image","https://pbs.twimg.com/media/EnYh6TEXMAAgarE?format=png&name=orig","rodyoki-1330288994505150472-20201121_201626-img2.png","","idk, a bunch of Evil Con Carne clips started appearing on my recommended videos tab.
#digitalart #evilconcarne https://t.co/pOkakDyQez",2,3,23
"2020/11/18 20:45:52","","rodYoki","@rodyoki","https://twitter.com/rodyoki/status/1329209239424917504","Image","https://pbs.twimg.com/media/EnJK2_iXIAoIqyB?format=jpg&name=orig","rodyoki-1329209239424917504-20201118_204552-img1.jpg","","ah si hice esta Betilla hace un tiempo ¿cómo quedó?
#Rayman #digitalart https://t.co/lDaEo5s7CI",3,11,84
"2020/11/18 20:45:52","","rodYoki","@rodyoki","https://twitter.com/rodyoki/status/1329209239424917504","Image","https://pbs.twimg.com/media/EnJLlOHWEAkPST2?format=jpg&name=orig","rodyoki-1329209239424917504-20201118_204552-img2.jpg","","ah si hice esta Betilla hace un tiempo ¿cómo quedó?
#Rayman #digitalart https://t.co/lDaEo5s7CI",3,11,84
"2020/11/16 20:21:47","","rodYoki","@rodyoki","https://twitter.com/rodyoki/status/1328478402152697856","Image","https://pbs.twimg.com/media/Em-zPyPXcAIsoJD?format=jpg&name=orig","rodyoki-1328478402152697856-20201116_202147-img1.jpg","","Este Velo XXVII fue parte de un art-trade con @Milanga_Boy
#CrashBandicoot #digitalart https://t.co/NNDzhVWRjE",4,9,45
"2020/11/14 21:32:51","","rodYoki","@rodyoki","https://twitter.com/rodyoki/status/1327771510375927809","Image","https://pbs.twimg.com/media/Em0xHwOW8AIGR8h?format=jpg&name=orig","rodyoki-1327771510375927809-20201114_213251-img1.jpg","","Por último, estaba algo exhausto de Twitter y las redes sociales. No es que odie a los usuarios, me gusta conocer gente nueva y ver cómo van mejorando, pero no pude evitar sentirme abrumado por toda la experiencia. Es como mi experiencia en Tumblr por ahí en 2014. Tumblr pics: https://t.co/IkR2JV6H5C",1,"",10
"2020/11/14 21:32:51","","rodYoki","@rodyoki","https://twitter.com/rodyoki/status/1327771510375927809","Image","https://pbs.twimg.com/media/Em0xHwfWMAADbIU?format=jpg&name=orig","rodyoki-1327771510375927809-20201114_213251-img2.jpg","","Por último, estaba algo exhausto de Twitter y las redes sociales. No es que odie a los usuarios, me gusta conocer gente nueva y ver cómo van mejorando, pero no pude evitar sentirme abrumado por toda la experiencia. Es como mi experiencia en Tumblr por ahí en 2014. Tumblr pics: https://t.co/IkR2JV6H5C",1,"",10
"2020/11/14 21:32:04","","rodYoki","@rodyoki","https://twitter.com/rodyoki/status/1327771313142980608","Image","https://pbs.twimg.com/media/Em0w9rTW4AAioV2?format=png&name=orig","rodyoki-1327771313142980608-20201114_213204-img1.png","","Al mismo tiempo me ofrecieron mi antiguo empleo de vuelta, y pues dada la condición global actual no podía rechazar dicha oportunidad (espero que todos ustedes estén bien) https://t.co/daW3ccXOlB",1,"",6
"2020/11/14 21:31:13","","rodYoki","@rodyoki","https://twitter.com/rodyoki/status/1327771100676304898","Image","https://pbs.twimg.com/media/Em0wvEnWMAANe1B?format=png&name=orig","rodyoki-1327771100676304898-20201114_213113-img1.png","","A mediados del año sufrí una pequeña crisis de identidad. Eso me llevo a una obsesión por encontrar un estilo que se acomode a mis necesidades, diría que me esta yendo bastante bien en ese aspecto. https://t.co/R38uTal2wC",1,"",7
"2020/11/14 21:30:43","","rodYoki","@rodyoki","https://twitter.com/rodyoki/status/1327770974498992128","Image","https://pbs.twimg.com/media/Em0v-__XMAYCTGc?format=png&name=orig","rodyoki-1327770974498992128-20201114_213043-img1.png","","Este quedó repiola. Hola a todos! Abro un hilo de resurrección para tratar de explicar porque me fui por tanto rato. Si no pues TL;DR: crisis, mucho trabajo y poco tiempo. https://t.co/rDEvhL7PCv",4,1,10
"2020/06/27 21:01:42","","rodYoki","@rodyoki","https://twitter.com/rodyoki/status/1277029371803557893","Image","https://pbs.twimg.com/media/EbjpkVcWsAErdDl?format=jpg&name=orig","rodyoki-1277029371803557893-20200627_210142-img1.jpg","","Felt like doing something like Moby Francke. Probably gonna do the rest of the classes as well.
#tf2 #demoman #digitalart #fanart https://t.co/IbHdPyhNlJ",2,36,108
"2020/05/30 22:41:24","","rodYoki","@rodyoki","https://twitter.com/rodyoki/status/1266907598768529411","Image","https://pbs.twimg.com/media/EZT0E85WAAAYkIV?format=png&name=orig","rodyoki-1266907598768529411-20200530_224124-img1.png","","Quería hacer este mono bien rápido pero iba quedando demasiado bueno :/
#digitalart #artistsontwitter #art https://t.co/z8RMnSiuZE",3,4,19
"2020/05/30 22:41:24","","rodYoki","@rodyoki","https://twitter.com/rodyoki/status/1266907598768529411","Image","https://pbs.twimg.com/media/EZT0IjEXQAMMb1C?format=jpg&name=orig","rodyoki-1266907598768529411-20200530_224124-img2.jpg","","Quería hacer este mono bien rápido pero iba quedando demasiado bueno :/
#digitalart #artistsontwitter #art https://t.co/z8RMnSiuZE",3,4,19
"2020/05/28 19:28:39","","rodYoki","@rodyoki","https://twitter.com/rodyoki/status/1266134317052375043","Image","https://pbs.twimg.com/media/EZI12kFWkAMc7Zj?format=png&name=orig","rodyoki-1266134317052375043-20200528_192839-img1.png","","Scraps from the last few weeks. No intentions to finish these :/ https://t.co/twg2o9Osc1","",1,23
"2020/05/28 19:28:39","","rodYoki","@rodyoki","https://twitter.com/rodyoki/status/1266134317052375043","Image","https://pbs.twimg.com/media/EZI12kFXgAIGjT5?format=png&name=orig","rodyoki-1266134317052375043-20200528_192839-img2.png","","Scraps from the last few weeks. No intentions to finish these :/ https://t.co/twg2o9Osc1","",1,23
"2020/05/28 19:28:39","","rodYoki","@rodyoki","https://twitter.com/rodyoki/status/1266134317052375043","Image","https://pbs.twimg.com/media/EZI12kFXYAMc9NF?format=png&name=orig","rodyoki-1266134317052375043-20200528_192839-img3.png","","Scraps from the last few weeks. No intentions to finish these :/ https://t.co/twg2o9Osc1","",1,23
"2020/05/28 19:28:39","","rodYoki","@rodyoki","https://twitter.com/rodyoki/status/1266134317052375043","Image","https://pbs.twimg.com/media/EZI12kGWkAEkDBD?format=jpg&name=orig","rodyoki-1266134317052375043-20200528_192839-img4.jpg","","Scraps from the last few weeks. No intentions to finish these :/ https://t.co/twg2o9Osc1","",1,23
"2020/05/27 19:49:41","","rodYoki","@rodyoki","https://twitter.com/rodyoki/status/1265777221412835328","Image","https://pbs.twimg.com/media/EZDxhDFXkAEUhjf?format=jpg&name=orig","rodyoki-1265777221412835328-20200527_194941-img1.jpg","","did a Vectorman real quick https://t.co/8h0BEQjLGx",2,8,41
"2020/05/11 19:44:43","","rodYoki","@rodyoki","https://twitter.com/rodyoki/status/1259977766625325058","Image","https://pbs.twimg.com/media/EXxWx0nWAAEjNEv?format=jpg&name=orig","rodyoki-1259977766625325058-20200511_194443-img1.jpg","","I feel like this needs something, but I can't figure out exactly what. https://t.co/4lYgwjih4P",8,24,96
"2020/05/09 19:14:09","","rodYoki","@rodyoki","https://twitter.com/rodyoki/status/1259245300025380867","Image","https://pbs.twimg.com/media/EXm8qtqXYAIFDzj?format=jpg&name=orig","rodyoki-1259245300025380867-20200509_191409-img1.jpg","","Tried a more cartoony and simpler shading on this Rokusho.
#digitalart #medabots https://t.co/WpSM6tpavu",3,4,12
"2020/05/09 11:12:24","","rodYoki","@rodyoki","https://twitter.com/rodyoki/status/1259124063399706624","Image","https://pbs.twimg.com/media/EXlOpnwWsAAekFV?format=jpg&name=orig","rodyoki-1259124063399706624-20200509_111224-img1.jpg","","Parece mucho tiempo pero sólo me hice la cuenta en 2015 para meterme a un sorteo. Solo el año pasado comencé a usarla de verdad.  #MiAniversarioDeTwitter https://t.co/pMr0nqBWRQ",1,"",8
"2020/05/09 02:31:22","","rodYoki","@rodyoki","https://twitter.com/rodyoki/status/1258992939591761926","Image","https://pbs.twimg.com/media/EXjXA7IXQAYu9d0?format=png&name=orig","rodyoki-1258992939591761926-20200509_023122-img1.png","","@rodrigzi @Empanadas_boy muchas gracias. Use 2 pinceles del pack ""Kyle brushes"" en Photoshop, un carboncillo para los bordes (vine charcoal detail) y una especie de brocha para las sombras (old faithful). https://t.co/Uh0cAEKgIy","","",1
"2020/05/09 02:31:22","","rodYoki","@rodyoki","https://twitter.com/rodyoki/status/1258992939591761926","Image","https://pbs.twimg.com/media/EXjXA7HWAAAF9Jp?format=png&name=orig","rodyoki-1258992939591761926-20200509_023122-img2.png","","@rodrigzi @Empanadas_boy muchas gracias. Use 2 pinceles del pack ""Kyle brushes"" en Photoshop, un carboncillo para los bordes (vine charcoal detail) y una especie de brocha para las sombras (old faithful). https://t.co/Uh0cAEKgIy","","",1
"2020/05/08 19:43:22","","rodYoki","@rodyoki","https://twitter.com/rodyoki/status/1258890262023208962","Image","https://pbs.twimg.com/media/EXh5PveXQAMRTwP?format=jpg&name=orig","rodyoki-1258890262023208962-20200508_194322-img1.jpg","","vuelvo de mi viaje espiritual solitario en las montañas. Ando mas organizado así que debería haber mucha mas consistencia por mi parte. https://t.co/IaWgXKBoXa","",3,19
"2020/04/14 19:20:10","","rodYoki","@rodyoki","https://twitter.com/rodyoki/status/1250187114614067201","Image","https://pbs.twimg.com/media/EVmOcGMWsAI5z6S?format=jpg&name=orig","rodyoki-1250187114614067201-20200414_192010-img1.jpg","","carbones virtuales, volveré con algo de pelo mas tarde https://t.co/DWU7HniKKr",1,4,16
"2020/04/09 20:08:45","","rodYoki","@rodyoki","https://twitter.com/rodyoki/status/1248387402357325824","Image","https://pbs.twimg.com/media/EVMpbJ5U0AIFyRj?format=jpg&name=orig","rodyoki-1248387402357325824-20200409_200845-img1.jpg","","un personaje mío vestido de Yoshi https://t.co/TJZlsMakKt","",3,13
"2020/04/07 18:47:42","","rodYoki","@rodyoki","https://twitter.com/rodyoki/status/1247642231864995841","Image","https://pbs.twimg.com/media/EVCCfLSXgAcor4x?format=jpg&name=orig","rodyoki-1247642231864995841-20200407_184742-img1.jpg","","Gracias por acordarse de mi T.T, algunos de mis dibujos favoritos.
taggin: @YisusBJ1 @Yaka_Ve @Strange_Raptor https://t.co/lvt5kh5T3J",3,3,13
"2020/04/07 18:47:42","","rodYoki","@rodyoki","https://twitter.com/rodyoki/status/1247642231864995841","Image","https://pbs.twimg.com/media/EVCChgLXgAAis3J?format=jpg&name=orig","rodyoki-1247642231864995841-20200407_184742-img2.jpg","","Gracias por acordarse de mi T.T, algunos de mis dibujos favoritos.
taggin: @YisusBJ1 @Yaka_Ve @Strange_Raptor https://t.co/lvt5kh5T3J",3,3,13
"2020/04/07 18:47:42","","rodYoki","@rodyoki","https://twitter.com/rodyoki/status/1247642231864995841","Image","https://pbs.twimg.com/media/EVCCu1sWsAcH2wF?format=jpg&name=orig","rodyoki-1247642231864995841-20200407_184742-img3.jpg","","Gracias por acordarse de mi T.T, algunos de mis dibujos favoritos.
taggin: @YisusBJ1 @Yaka_Ve @Strange_Raptor https://t.co/lvt5kh5T3J",3,3,13
"2020/04/07 18:47:42","","rodYoki","@rodyoki","https://twitter.com/rodyoki/status/1247642231864995841","Image","https://pbs.twimg.com/media/EVCC3UEXYAAoFWy?format=jpg&name=orig","rodyoki-1247642231864995841-20200407_184742-img4.jpg","","Gracias por acordarse de mi T.T, algunos de mis dibujos favoritos.
taggin: @YisusBJ1 @Yaka_Ve @Strange_Raptor https://t.co/lvt5kh5T3J",3,3,13
"2020/04/01 19:56:25","","rodYoki","@rodyoki","https://twitter.com/rodyoki/status/1245485196155158528","Image","https://pbs.twimg.com/media/EUjY7kSWAAAoQP3?format=jpg&name=orig","rodyoki-1245485196155158528-20200401_195625-img1.jpg","","poses I thought were pretty kewl https://t.co/8nfTKVF14Z","",2,15
"2020/04/01 19:56:25","","rodYoki","@rodyoki","https://twitter.com/rodyoki/status/1245485196155158528","Image","https://pbs.twimg.com/media/EUjY9J9WsAYFVww?format=jpg&name=orig","rodyoki-1245485196155158528-20200401_195625-img2.jpg","","poses I thought were pretty kewl https://t.co/8nfTKVF14Z","",2,15
"2020/03/31 14:11:10","","rodYoki","@rodyoki","https://twitter.com/rodyoki/status/1245035923215130625","Image","https://pbs.twimg.com/media/EUdBezSWoAEAzLP?format=jpg&name=orig","rodyoki-1245035923215130625-20200331_141110-img1.jpg","","@LeandroSotelo19 si https://t.co/4KAkG73TVT","","",""
"2020/03/30 21:25:43","","rodYoki","@rodyoki","https://twitter.com/rodyoki/status/1244782894092083200","Image","https://pbs.twimg.com/media/EUZanBlX0AA9FVQ?format=jpg&name=orig","rodyoki-1244782894092083200-20200330_212543-img1.jpg","","felt like doing Spider-Gwen. Sorry I couldn't come up with a better background. #digitalart #Spiderman #MARVEL https://t.co/N0EN6YquLG","",11,22
"2020/03/30 21:25:43","","rodYoki","@rodyoki","https://twitter.com/rodyoki/status/1244782894092083200","Image","https://pbs.twimg.com/media/EUZbBYKXkAIyPdj?format=jpg&name=orig","rodyoki-1244782894092083200-20200330_212543-img2.jpg","","felt like doing Spider-Gwen. Sorry I couldn't come up with a better background. #digitalart #Spiderman #MARVEL https://t.co/N0EN6YquLG","",11,22
"2020/03/28 21:08:30","","rodYoki","@rodyoki","https://twitter.com/rodyoki/status/1244053786248859649","Image","https://pbs.twimg.com/media/EUPENV4WkAUVk3o?format=jpg&name=orig","rodyoki-1244053786248859649-20200328_210830-img1.jpg","","tried to do a Garnet by memory. Eh, close enough https://t.co/L1hENBGbA3",2,2,29
"2020/03/21 02:35:48","","rodYoki","@rodyoki","https://twitter.com/rodyoki/status/1241237050986319873","Image","https://pbs.twimg.com/media/ETnCe3hXkAIs5_Y?format=jpg&name=orig","rodyoki-1241237050986319873-20200321_023548-img1.jpg","","@Coshhhhhco gracias lindo https://t.co/3SEGnrkg0C","","",1
"2020/03/21 00:07:41","","rodYoki","@rodyoki","https://twitter.com/rodyoki/status/1241199776533819398","Image","https://pbs.twimg.com/media/ETmgfEjXsAAE7jG?format=jpg&name=orig","rodyoki-1241199776533819398-20200321_000741-img1.jpg","","just some Sigma sketch. character by @Strange_Raptor https://t.co/p1fOFPe5Iy",2,3,13
"2020/03/20 18:02:19","","rodYoki","@rodyoki","https://twitter.com/rodyoki/status/1241107829181816838","Image","https://pbs.twimg.com/media/ETlMgNzXgAQiG1k?format=jpg&name=orig","rodyoki-1241107829181816838-20200320_180219-img1.jpg","","I came to drop this Guzzlord, hope you don't mind #Pokemon #digitalart #fanart https://t.co/iP8FXs0tVq",3,7,20
"2020/03/10 15:05:00","","rodYoki","@rodyoki","https://twitter.com/rodyoki/status/1237439324880343046","Image","https://pbs.twimg.com/media/ESxEdIKWkAAVYNo?format=jpg&name=orig","rodyoki-1237439324880343046-20200310_150500-img1.jpg","","Guzzlord wip https://t.co/4WiSbtCJvV","",6,13
"2020/03/09 15:25:27","","rodYoki","@rodyoki","https://twitter.com/rodyoki/status/1237082084243582979","Image","https://pbs.twimg.com/media/ESr_WU3XYAAgcut?format=jpg&name=orig","rodyoki-1237082084243582979-20200309_152527-img1.jpg","","@ImtheUBC9 I'm sorry it took so long to deliver. Hope you like it ;) https://t.co/67GQxau93W",1,"",3
"2020/03/09 15:25:27","","rodYoki","@rodyoki","https://twitter.com/rodyoki/status/1237082084243582979","Image","https://pbs.twimg.com/media/ESr_ZPcXkAMo-j-?format=jpg&name=orig","rodyoki-1237082084243582979-20200309_152527-img2.jpg","","@ImtheUBC9 I'm sorry it took so long to deliver. Hope you like it ;) https://t.co/67GQxau93W",1,"",3
"2020/03/01 21:15:21","","rodYoki","@rodyoki","https://twitter.com/rodyoki/status/1234271035744190464","Image","https://pbs.twimg.com/media/ESECPmTWsAADc1U?format=jpg&name=orig","rodyoki-1234271035744190464-20200301_211521-img1.jpg","","unfinished business. it's gonna take me like 2 more years to finish that face so i'm gonna move on to other things for now. https://t.co/lv60Gu4qql","",1,12
"2020/03/01 21:15:21","","rodYoki","@rodyoki","https://twitter.com/rodyoki/status/1234271035744190464","Image","https://pbs.twimg.com/media/ESECNCzWsAA1wbK?format=jpg&name=orig","rodyoki-1234271035744190464-20200301_211521-img2.jpg","","unfinished business. it's gonna take me like 2 more years to finish that face so i'm gonna move on to other things for now. https://t.co/lv60Gu4qql","",1,12
"2020/02/25 19:26:45","","rodYoki","@rodyoki","https://twitter.com/rodyoki/status/1232431767136550912","Image","https://pbs.twimg.com/media/ERp55ZVX0AEOELU?format=jpg&name=orig","rodyoki-1232431767136550912-20200225_192645-img1.jpg","","i feel like making some girls. Suggest me some and i'll try to make em https://t.co/ZSDJD64d6P",1,"",14
"2020/02/25 19:26:45","","rodYoki","@rodyoki","https://twitter.com/rodyoki/status/1232431767136550912","Image","https://pbs.twimg.com/media/ERp56UQXYAAuGWL?format=jpg&name=orig","rodyoki-1232431767136550912-20200225_192645-img2.jpg","","i feel like making some girls. Suggest me some and i'll try to make em https://t.co/ZSDJD64d6P",1,"",14
"2020/02/21 16:05:14","","rodYoki","@rodyoki","https://twitter.com/rodyoki/status/1230931502470516736","Image","https://pbs.twimg.com/media/ERUlo6rWAAENtuD?format=jpg&name=orig","rodyoki-1230931502470516736-20200221_160514-img1.jpg","","original pic https://t.co/rk1uKGLKZs","","",4
"2020/02/21 15:39:56","","rodYoki","@rodyoki","https://twitter.com/rodyoki/status/1230925133935759366","Image","https://pbs.twimg.com/media/ERUfWWOXsAYcLK9?format=jpg&name=orig","rodyoki-1230925133935759366-20200221_153956-img1.jpg","","i hope i'm not late for a submission #tf2cursedart https://t.co/jKLWTHlkd7",4,12,72
"2020/02/17 14:42:12","","rodYoki","@rodyoki","https://twitter.com/rodyoki/status/1229461057116286976","Image","https://pbs.twimg.com/media/EQ_sT7UXkAI24FA?format=jpg&name=orig","rodyoki-1229461057116286976-20200217_144212-img1.jpg","","@YisusBJ1 una reacción con una mona china sin ojos laser ni pistola? bien jugado jebus https://t.co/QoNME3IBE7",1,"",""
"2020/02/16 21:16:57","","rodYoki","@rodyoki","https://twitter.com/rodyoki/status/1229198009495322624","Image","https://pbs.twimg.com/media/EQ79EUoX0AA8KH9?format=jpg&name=orig","rodyoki-1229198009495322624-20200216_211657-img1.jpg","","heavy wip https://t.co/LYpJbIpzlO",1,4,19
"2020/02/15 16:50:08","","rodYoki","@rodyoki","https://twitter.com/rodyoki/status/1228768475629252608","Image","https://pbs.twimg.com/media/EQ12ZrKWAAEhosv?format=jpg&name=orig","rodyoki-1228768475629252608-20200215_165008-img1.jpg","","creo que no arruine el sonic con los colores, juas. #digitalart https://t.co/7pYDi3UBOX",1,8,31
"2020/02/15 16:50:08","","rodYoki","@rodyoki","https://twitter.com/rodyoki/status/1228768475629252608","Image","https://pbs.twimg.com/media/EQ12ZrLXkAUJ2-2?format=jpg&name=orig","rodyoki-1228768475629252608-20200215_165008-img2.jpg","","creo que no arruine el sonic con los colores, juas. #digitalart https://t.co/7pYDi3UBOX",1,8,31
"2020/02/11 22:58:51","","rodYoki","@rodyoki","https://twitter.com/rodyoki/status/1227411714460835841","Image","https://pbs.twimg.com/media/EQikcNZWoAE_cEY?format=jpg&name=orig","rodyoki-1227411714460835841-20200211_225851-img1.jpg","","anotha sonic wip. imma gonna leave this here in case I screw up with them colors later https://t.co/jNQgY9KBLN","",3,14
"2020/02/05 17:02:55","","rodYoki","@rodyoki","https://twitter.com/rodyoki/status/1225147811810947078","Image","https://pbs.twimg.com/media/EQCZaSEW4AgwDi8?format=jpg&name=orig","rodyoki-1225147811810947078-20200205_170255-img1.jpg","","Reflection. I'll be done with the abstract crap and back with them epic fanarts soon. #digitalart https://t.co/0XXDlaC7fq",3,3,18
"2020/01/29 13:24:09","","rodYoki","@rodyoki","https://twitter.com/rodyoki/status/1222556045467406337","Image","https://pbs.twimg.com/media/EPdkPXkXkAE0kFM?format=jpg&name=orig","rodyoki-1222556045467406337-20200129_132409-img1.jpg","","https://t.co/e25bS61jPR",1,2,6
"2020/01/28 21:01:08","","rodYoki","@rodyoki","https://twitter.com/rodyoki/status/1222308659860066306","Image","https://pbs.twimg.com/media/EPaDPR_WsAEucLv?format=jpg&name=orig","rodyoki-1222308659860066306-20200128_210108-img1.jpg","","tryin' different stuff #digitalart https://t.co/ibtETTt1if","","",18
"2020/01/26 18:49:36","","rodYoki","@rodyoki","https://twitter.com/rodyoki/status/1221550782283243521","Image","https://pbs.twimg.com/media/EPPR8JkXkAAfWL9?format=jpg&name=orig","rodyoki-1221550782283243521-20200126_184936-img1.jpg","","wip of some sort, I don't know really. I'm not planning on finishing it https://t.co/NhIycep3TE",1,2,13
"2020/01/23 20:04:51","","rodYoki","@rodyoki","https://twitter.com/rodyoki/status/1220482557978071040","Image","https://pbs.twimg.com/media/EPAGaHZX0AEkvAM?format=jpg&name=orig","rodyoki-1220482557978071040-20200123_200451-img1.jpg","","foto original de @CantRomanica. #digitalart https://t.co/s4OOt5GqEb","",2,14
"2020/01/19 16:18:03","","rodYoki","@rodyoki","https://twitter.com/rodyoki/status/1218975928467980288","Image","https://pbs.twimg.com/media/EOqsIrsWAAIah_L?format=jpg&name=orig","rodyoki-1218975928467980288-20200119_161803-img1.jpg","","just some squigly #Skullgirls #digitalart https://t.co/4Ek21cjNeS",2,28,91
"2020/01/19 16:18:03","","rodYoki","@rodyoki","https://twitter.com/rodyoki/status/1218975928467980288","Image","https://pbs.twimg.com/media/EOqsIrzXkAAe-UJ?format=jpg&name=orig","rodyoki-1218975928467980288-20200119_161803-img2.jpg","","just some squigly #Skullgirls #digitalart https://t.co/4Ek21cjNeS",2,28,91
"2020/01/14 22:56:16","","rodYoki","@rodyoki","https://twitter.com/rodyoki/status/1217264205436522496","Image","https://pbs.twimg.com/media/EOSXVGwWoAA-FjG?format=jpg&name=orig","rodyoki-1217264205436522496-20200114_225616-img1.jpg","","Darth Maul wip. I screwed up by making the base colors and the shading in the same layer, that way I can't make his facial tatoos interact with the existing shading. I'll find a way to complete it eventually. #StarWars #digitalart https://t.co/DO4cJIguw5",1,6,26
"2020/01/13 00:40:42","","rodYoki","@rodyoki","https://twitter.com/rodyoki/status/1216565709981061120","Image","https://pbs.twimg.com/media/EOIcDd4XkAEy9R6?format=jpg&name=orig","rodyoki-1216565709981061120-20200113_004042-img1.jpg","","yup, coming back strong https://t.co/2BdyRcfKrr",3,4,20
"2020/01/08 18:42:49","","rodYoki","@rodyoki","https://twitter.com/rodyoki/status/1215026091783606276","Image","https://pbs.twimg.com/media/ENyjxqbWwAYPs_a?format=jpg&name=orig","rodyoki-1215026091783606276-20200108_184249-img1.jpg","","se me olvidó publicar este otro. #digitalart https://t.co/3Bq8EwgeEb",1,"",18
"2020/01/03 18:45:37","","rodYoki","@rodyoki","https://twitter.com/rodyoki/status/1213214857039929344","Image","https://pbs.twimg.com/media/ENY0eqUU0AM3ncK?format=png&name=orig","rodyoki-1213214857039929344-20200103_184537-img1.png","","@alien_argento no se preocupen que ya lo terminé https://t.co/XQhssI0h6x",1,"",5
"2020/01/03 15:37:46","","rodYoki","@rodyoki","https://twitter.com/rodyoki/status/1213167583626698753","Image","https://pbs.twimg.com/media/ENYJfCwWsAEYJf7?format=jpg&name=orig","rodyoki-1213167583626698753-20200103_153746-img1.jpg","","@alien_argento https://t.co/evAGEouFlr","","",1
"2020/01/03 14:26:48","","rodYoki","@rodyoki","https://twitter.com/rodyoki/status/1213149726545080322","Image","https://pbs.twimg.com/media/ENX5O6YWkAAidIN?format=jpg&name=orig","rodyoki-1213149726545080322-20200103_142648-img1.jpg","","había hecho esto para un concurso, no es lo mejor que he hecho pero igual tuvo muy buena recepción. #tf2 #digitalartwork https://t.co/psanS2GsKH",1,6,40
"2020/01/02 15:22:37","","rodYoki","@rodyoki","https://twitter.com/rodyoki/status/1212801383335903233","Image","https://pbs.twimg.com/media/ENS8a-dWoAUtR38?format=jpg&name=orig","rodyoki-1212801383335903233-20200102_152237-img1.jpg","","gentle stare #digitalart https://t.co/PgqwdTDH1o",1,3,20
"2020/01/01 23:43:11","","rodYoki","@rodyoki","https://twitter.com/rodyoki/status/1212564967725117440","Image","https://pbs.twimg.com/media/ENPlZNUWoAExrzW?format=png&name=orig","rodyoki-1212564967725117440-20200101_234311-img1.png","","Hola gentes y gentas. Me desaparecí unos días para reflexionar unas cosas, entre ellas el futuro de esta cuenta. Pero no se preocupen que volveré pronto, he dibujado un montón estas semanas y postearé unas cosillas en los próximos días. Ah, y felices pascuas. https://t.co/qPr0qoFS1L",2,1,12
"2020/01/01 23:43:11","","rodYoki","@rodyoki","https://twitter.com/rodyoki/status/1212564967725117440","Image","https://pbs.twimg.com/media/ENPlZNdX0AISYtZ?format=jpg&name=orig","rodyoki-1212564967725117440-20200101_234311-img2.jpg","","Hola gentes y gentas. Me desaparecí unos días para reflexionar unas cosas, entre ellas el futuro de esta cuenta. Pero no se preocupen que volveré pronto, he dibujado un montón estas semanas y postearé unas cosillas en los próximos días. Ah, y felices pascuas. https://t.co/qPr0qoFS1L",2,1,12
"2020/01/01 23:43:11","","rodYoki","@rodyoki","https://twitter.com/rodyoki/status/1212564967725117440","Image","https://pbs.twimg.com/media/ENPlZNUWwAAqOXE?format=jpg&name=orig","rodyoki-1212564967725117440-20200101_234311-img3.jpg","","Hola gentes y gentas. Me desaparecí unos días para reflexionar unas cosas, entre ellas el futuro de esta cuenta. Pero no se preocupen que volveré pronto, he dibujado un montón estas semanas y postearé unas cosillas en los próximos días. Ah, y felices pascuas. https://t.co/qPr0qoFS1L",2,1,12
"2020/01/01 23:43:11","","rodYoki","@rodyoki","https://twitter.com/rodyoki/status/1212564967725117440","Image","https://pbs.twimg.com/media/ENPlZNUWoAAPrhp?format=jpg&name=orig","rodyoki-1212564967725117440-20200101_234311-img4.jpg","","Hola gentes y gentas. Me desaparecí unos días para reflexionar unas cosas, entre ellas el futuro de esta cuenta. Pero no se preocupen que volveré pronto, he dibujado un montón estas semanas y postearé unas cosillas en los próximos días. Ah, y felices pascuas. https://t.co/qPr0qoFS1L",2,1,12
"2019/12/11 16:37:13","","rodYoki","@rodyoki","https://twitter.com/rodyoki/status/1204847623968083970","Image","https://pbs.twimg.com/media/ELh6hAkXsAAtHrw?format=jpg&name=orig","rodyoki-1204847623968083970-20191211_163713-img1.jpg","","I like to play with the layer properties #digitalart https://t.co/Xk1iTREJ0n",2,4,19
"2019/12/11 16:37:13","","rodYoki","@rodyoki","https://twitter.com/rodyoki/status/1204847623968083970","Image","https://pbs.twimg.com/media/ELh6hAlWwAEikXs?format=jpg&name=orig","rodyoki-1204847623968083970-20191211_163713-img2.jpg","","I like to play with the layer properties #digitalart https://t.co/Xk1iTREJ0n",2,4,19
"2019/12/11 16:37:13","","rodYoki","@rodyoki","https://twitter.com/rodyoki/status/1204847623968083970","Image","https://pbs.twimg.com/media/ELh6hAkXsAIvBBk?format=jpg&name=orig","rodyoki-1204847623968083970-20191211_163713-img3.jpg","","I like to play with the layer properties #digitalart https://t.co/Xk1iTREJ0n",2,4,19
"2019/12/07 23:16:53","","rodYoki","@rodyoki","https://twitter.com/rodyoki/status/1203498652523794433","Image","https://pbs.twimg.com/media/ELOvonDXYAA8Wt1?format=jpg&name=orig","rodyoki-1203498652523794433-20191207_231653-img1.jpg","","sum demo #TF2 #digitalart https://t.co/lgy6BNI07g",1,9,39
"2019/12/07 23:16:53","","rodYoki","@rodyoki","https://twitter.com/rodyoki/status/1203498652523794433","Image","https://pbs.twimg.com/media/ELOvonGWkAADo8z?format=jpg&name=orig","rodyoki-1203498652523794433-20191207_231653-img2.jpg","","sum demo #TF2 #digitalart https://t.co/lgy6BNI07g",1,9,39
"2019/12/06 19:33:55","","rodYoki","@rodyoki","https://twitter.com/rodyoki/status/1203080151963230211","Image","https://pbs.twimg.com/media/ELIzADtWwAEj5S3?format=jpg&name=orig","rodyoki-1203080151963230211-20191206_193355-img1.jpg","","demo wip https://t.co/tRWzIVmup6",2,9,29
"2019/12/05 22:51:41","","rodYoki","@rodyoki","https://twitter.com/rodyoki/status/1202767533620813826","Image","https://pbs.twimg.com/media/ELEWrydX0AE7wdO?format=jpg&name=orig","rodyoki-1202767533620813826-20191205_225141-img1.jpg","","practicing portraits #digitalart https://t.co/IiuOPlwo3i",2,12,34
"2019/12/04 23:42:41","","rodYoki","@rodyoki","https://twitter.com/rodyoki/status/1202417980430307329","Image","https://pbs.twimg.com/media/EK_YxzpXkAAHV2c?format=png&name=orig","rodyoki-1202417980430307329-20191204_234241-img1.png","","Was trying to get an animation going but I'm just gonna move on to other things for now https://t.co/AvEinhKSwO","",2,10
"2019/12/03 20:15:02","","rodYoki","@rodyoki","https://twitter.com/rodyoki/status/1202003338973319168","Image","https://pbs.twimg.com/media/EK5fp2DWsAAL4nv?format=jpg&name=orig","rodyoki-1202003338973319168-20191203_201502-img1.jpg","","awful parappa doods and some advice https://t.co/Xgof1H8b8U",1,17,58
"2019/12/03 20:15:02","","rodYoki","@rodyoki","https://twitter.com/rodyoki/status/1202003338973319168","Image","https://pbs.twimg.com/media/EK5fp2FWwAAvcv6?format=jpg&name=orig","rodyoki-1202003338973319168-20191203_201502-img2.jpg","","awful parappa doods and some advice https://t.co/Xgof1H8b8U",1,17,58
"2019/12/03 20:15:02","","rodYoki","@rodyoki","https://twitter.com/rodyoki/status/1202003338973319168","Image","https://pbs.twimg.com/media/EK5fp2JWsAY6BJS?format=jpg&name=orig","rodyoki-1202003338973319168-20191203_201502-img3.jpg","","awful parappa doods and some advice https://t.co/Xgof1H8b8U",1,17,58
"2019/12/03 20:15:02","","rodYoki","@rodyoki","https://twitter.com/rodyoki/status/1202003338973319168","Image","https://pbs.twimg.com/media/EK5fp2LXUAErE82?format=jpg&name=orig","rodyoki-1202003338973319168-20191203_201502-img4.jpg","","awful parappa doods and some advice https://t.co/Xgof1H8b8U",1,17,58
"2019/12/02 20:14:29","","rodYoki","@rodyoki","https://twitter.com/rodyoki/status/1201640812666339333","Image","https://pbs.twimg.com/media/EK0V8KEW4AYTLeh?format=jpg&name=orig","rodyoki-1201640812666339333-20191202_201429-img1.jpg","","made a car #digitalart https://t.co/OOnPDRcoCX",2,6,18
"2019/12/02 13:08:52","","rodYoki","@rodyoki","https://twitter.com/rodyoki/status/1201533700074360832","Image","https://pbs.twimg.com/media/EKy0hZLWwAEMoyt?format=jpg&name=orig","rodyoki-1201533700074360832-20191202_130852-img1.jpg","","no dibujen con sueño 2 #digitalart https://t.co/unEH1rINHq",1,2,14
"2019/12/01 23:45:04","","rodYoki","@rodyoki","https://twitter.com/rodyoki/status/1201331417000677376","Image","https://pbs.twimg.com/media/EKv8jfBWwAA_2Rc?format=png&name=orig","rodyoki-1201331417000677376-20191201_234504-img1.png","","trying out that pixel art thingy that seems so popular these days https://t.co/W7wCMUEqvu","",4,19
"2019/12/01 23:45:04","","rodYoki","@rodyoki","https://twitter.com/rodyoki/status/1201331417000677376","Image","https://pbs.twimg.com/media/EKv8je_WwAEO-EZ?format=png&name=orig","rodyoki-1201331417000677376-20191201_234504-img2.png","","trying out that pixel art thingy that seems so popular these days https://t.co/W7wCMUEqvu","",4,19
"2019/12/01 22:22:39","","rodYoki","@rodyoki","https://twitter.com/rodyoki/status/1201310676968448000","Image","https://pbs.twimg.com/media/EKvpr1wWsAAJg63?format=jpg&name=orig","rodyoki-1201310676968448000-20191201_222239-img1.jpg","","https://t.co/jHO4ukujeo","",1,8
"2019/12/01 18:03:50","","rodYoki","@rodyoki","https://twitter.com/rodyoki/status/1201245542824714240","Image","https://pbs.twimg.com/media/EKuucQvXUAEJaQc?format=jpg&name=orig","rodyoki-1201245542824714240-20191201_180350-img1.jpg","","@Empanadas_boy habia hecho otro shading pero me gutó mas ese efecto que se creó en la capa de fondo https://t.co/nCUWrj2nh3",1,"",2
"2019/12/01 14:51:46","","rodYoki","@rodyoki","https://twitter.com/rodyoki/status/1201197210236571649","Image","https://pbs.twimg.com/media/EKuCe_yW4AExjBH?format=jpg&name=orig","rodyoki-1201197210236571649-20191201_145146-img1.jpg","","Gato Roboto. As much as I love Guillaume Singelin illustrations, I went with a hybrid between his concept and the diagram in-game wich is much bulkier and heavy. #digitalart https://t.co/mdcOwukGQD",1,9,44
"2019/11/29 19:22:03","","rodYoki","@rodyoki","https://twitter.com/rodyoki/status/1200540451440414721","Image","https://pbs.twimg.com/media/EKktLMDWoAA1T9h?format=jpg&name=orig","rodyoki-1200540451440414721-20191129_192203-img1.jpg","","@frxsh0 gracias, aca un dibujo viejo https://t.co/23SyuN6rca","","",2
"2019/11/29 17:56:27","","rodYoki","@rodyoki","https://twitter.com/rodyoki/status/1200518910753165312","Image","https://pbs.twimg.com/media/EKkZkyIWoAAR9X9?format=jpg&name=orig","rodyoki-1200518910753165312-20191129_175627-img1.jpg","","Chun-Li, jugue con las propiedades de las capas y no me pude decidir cual quedó mejor #StreetFighter #digitalart https://t.co/fjp30xsI3q",2,4,13
"2019/11/29 17:56:27","","rodYoki","@rodyoki","https://twitter.com/rodyoki/status/1200518910753165312","Image","https://pbs.twimg.com/media/EKkZkyOW4AAMZqP?format=jpg&name=orig","rodyoki-1200518910753165312-20191129_175627-img2.jpg","","Chun-Li, jugue con las propiedades de las capas y no me pude decidir cual quedó mejor #StreetFighter #digitalart https://t.co/fjp30xsI3q",2,4,13
"2019/11/25 22:06:20","","rodYoki","@rodyoki","https://twitter.com/rodyoki/status/1199132242993438720","Image","https://pbs.twimg.com/media/EKQsZzPXsAAdjva?format=jpg&name=orig","rodyoki-1199132242993438720-20191125_220620-img1.jpg","","Some Filia. Intenté mantenerme lo mas fiel posible al estilo original. #Skullgirls #digitalart https://t.co/Y70oXUHmx0",6,85,340
"2019/11/25 22:06:20","","rodYoki","@rodyoki","https://twitter.com/rodyoki/status/1199132242993438720","Image","https://pbs.twimg.com/media/EKQsZzOW4AIjiij?format=jpg&name=orig","rodyoki-1199132242993438720-20191125_220620-img2.jpg","","Some Filia. Intenté mantenerme lo mas fiel posible al estilo original. #Skullgirls #digitalart https://t.co/Y70oXUHmx0",6,85,340
"2019/11/23 18:13:05","","rodYoki","@rodyoki","https://twitter.com/rodyoki/status/1198348769990983680","Image","https://pbs.twimg.com/media/EKFj07RX0AEmEIF?format=jpg&name=orig","rodyoki-1198348769990983680-20191123_181305-img1.jpg","","have some Prowler #Spiderman #digitalart https://t.co/4UiaLQ4WzX",1,5,14
"2019/11/21 17:50:48","","rodYoki","@rodyoki","https://twitter.com/rodyoki/status/1197618387628769280","Image","https://pbs.twimg.com/media/EJ7Lj5_XkAIeSrc?format=jpg&name=orig","rodyoki-1197618387628769280-20191121_175048-img1.jpg","",":) #digitalart https://t.co/PMMUfFTfhX",2,4,9
"2019/11/18 15:31:03","","rodYoki","@rodyoki","https://twitter.com/rodyoki/status/1196496053870243841","Image","https://pbs.twimg.com/media/EJrOztJWsAUnb5u?format=jpg&name=orig","rodyoki-1196496053870243841-20191118_153103-img1.jpg","","Leavanny #pokemon #digitalart https://t.co/V1RBnucF6j","",4,22
"2019/11/17 14:12:09","","rodYoki","@rodyoki","https://twitter.com/rodyoki/status/1196113810328821761","Image","https://pbs.twimg.com/media/EJlzKs5W4AEvj7n?format=jpg&name=orig","rodyoki-1196113810328821761-20191117_141209-img1.jpg","","@Empanadas_boy dejar al Nae solo? grave error https://t.co/KKFrH3HvK8","","",""
"2019/11/17 00:03:41","","rodYoki","@rodyoki","https://twitter.com/rodyoki/status/1195900286780489730","Image","https://pbs.twimg.com/media/EJiw9p1XUAAf_lp?format=jpg&name=orig","rodyoki-1195900286780489730-20191117_000341-img1.jpg","","consejo: no dibujen cuando anden con mucho sueño #digitalart https://t.co/4fIeojxAOz",1,1,18
"2019/11/15 19:24:39","","rodYoki","@rodyoki","https://twitter.com/rodyoki/status/1195467675172032515","Image","https://pbs.twimg.com/media/EJcngbfW4AEwrXr?format=jpg&name=orig","rodyoki-1195467675172032515-20191115_192439-img1.jpg","","chilling gengar #pokemon
#digitalart https://t.co/Urs4esbvni",1,5,30
"2019/11/10 14:05:51","","rodYoki","@rodyoki","https://twitter.com/rodyoki/status/1193575510116319238","Image","https://pbs.twimg.com/media/EJBumTmWwAMfE8h?format=jpg&name=orig","rodyoki-1193575510116319238-20191110_140551-img1.jpg","","@Empanadas_boy https://t.co/qHWXaYZimV",1,"",1
"2019/11/10 13:51:59","","rodYoki","@rodyoki","https://twitter.com/rodyoki/status/1193572017414520832","Image","https://pbs.twimg.com/media/EJBrax2X0AAwDue?format=jpg&name=orig","rodyoki-1193572017414520832-20191110_135159-img1.jpg","","Weird Yoshi #digitalart https://t.co/7ZRlij9uFs",2,7,21
"2019/11/09 13:03:12","","rodYoki","@rodyoki","https://twitter.com/rodyoki/status/1193197353370562560","Image","https://pbs.twimg.com/media/EI8WqOLX0AMsVL2?format=jpg&name=orig","rodyoki-1193197353370562560-20191109_130312-img1.jpg","","testing some shading on Photoshop #digitalart https://t.co/1jdiH0tlno",1,3,14
"2019/11/03 20:59:21","","rodYoki","@rodyoki","https://twitter.com/rodyoki/status/1191142853633818624","Image","https://pbs.twimg.com/media/EIfKG1YXsAEnvjw?format=jpg&name=orig","rodyoki-1191142853633818624-20191103_205921-img1.jpg","","me alejaré unos dias de twitter para acabar bien con los estudios, por mientras les dejo unos dibujos que hice en 2017 para ingles https://t.co/N5KTCYfo7p","",2,7
"2019/11/03 20:59:21","","rodYoki","@rodyoki","https://twitter.com/rodyoki/status/1191142853633818624","Image","https://pbs.twimg.com/media/EIfKG1ZXYAEMd7I?format=jpg&name=orig","rodyoki-1191142853633818624-20191103_205921-img2.jpg","","me alejaré unos dias de twitter para acabar bien con los estudios, por mientras les dejo unos dibujos que hice en 2017 para ingles https://t.co/N5KTCYfo7p","",2,7
"2019/11/03 20:59:21","","rodYoki","@rodyoki","https://twitter.com/rodyoki/status/1191142853633818624","Image","https://pbs.twimg.com/media/EIfKG1cWkAEXTK2?format=jpg&name=orig","rodyoki-1191142853633818624-20191103_205921-img3.jpg","","me alejaré unos dias de twitter para acabar bien con los estudios, por mientras les dejo unos dibujos que hice en 2017 para ingles https://t.co/N5KTCYfo7p","",2,7
"2019/11/03 20:59:21","","rodYoki","@rodyoki","https://twitter.com/rodyoki/status/1191142853633818624","Image","https://pbs.twimg.com/media/EIfKG1aWkAEPtOu?format=jpg&name=orig","rodyoki-1191142853633818624-20191103_205921-img4.jpg","","me alejaré unos dias de twitter para acabar bien con los estudios, por mientras les dejo unos dibujos que hice en 2017 para ingles https://t.co/N5KTCYfo7p","",2,7
"2019/11/03 13:54:32","","rodYoki","@rodyoki","https://twitter.com/rodyoki/status/1191035947342807041","Image","https://pbs.twimg.com/media/EIdo4CTWkAAtliv?format=jpg&name=orig","rodyoki-1191035947342807041-20191103_135432-img1.jpg","","@Empanadas_boy https://t.co/8dmQFYMDPN","","",1
"2019/11/01 20:31:00","","rodYoki","@rodyoki","https://twitter.com/rodyoki/status/1190410943114698758","Image","https://pbs.twimg.com/media/EIUwbzGX0AA3ezC?format=png&name=orig","rodyoki-1190410943114698758-20191101_203100-img1.png","","made an ape, because apes are cool #cartoon #blackandwhite https://t.co/AMBQHS6w1n",4,2,8
"2019/11/01 00:19:28","","rodYoki","@rodyoki","https://twitter.com/rodyoki/status/1190106050197934081","Image","https://pbs.twimg.com/media/EIQbGvdWoAAX9dV?format=jpg&name=orig","rodyoki-1190106050197934081-20191101_001928-img1.jpg","","feeling really edgy this halloween https://t.co/M31OkwDEi0","",1,4
"2019/10/31 21:27:50","","rodYoki","@rodyoki","https://twitter.com/rodyoki/status/1190062860673654789","Image","https://pbs.twimg.com/media/EIPz2ikW4AAHhAk?format=jpg&name=orig","rodyoki-1190062860673654789-20191031_212750-img1.jpg","","practice sonic #SonicTheHedgehog #cartoon https://t.co/NfNZiQ8zKA",1,8,21
"2019/10/30 18:18:48","","rodYoki","@rodyoki","https://twitter.com/rodyoki/status/1189652900022308864","Image","https://pbs.twimg.com/media/EIJ-_5iX0AAHWR-?format=png&name=orig","rodyoki-1189652900022308864-20191030_181848-img1.png","","una idea loca: que tal si hicieran una pelicula de unos caracoles pero en vez de ir lento andan super rapido? que loco seria eso, nadie lo ha hecho aun. #cartoon https://t.co/Q13Xc1YUX8",2,1,9
"2019/10/29 16:10:37","","rodYoki","@rodyoki","https://twitter.com/rodyoki/status/1189258251952644098","Image","https://pbs.twimg.com/media/EIEYERYXkAEjWEg?format=png&name=orig","rodyoki-1189258251952644098-20191029_161037-img1.png","","Gundam wip. Odio el anime en general, pero admito que tengo una debilidad por los robots ochenteros. #gundam https://t.co/EtuI0Qg4xo","",1,6
"2019/10/28 17:50:30","","rodYoki","@rodyoki","https://twitter.com/rodyoki/status/1188920999514910721","Image","https://pbs.twimg.com/media/EH_lVqvX0AIVsZu?format=png&name=orig","rodyoki-1188920999514910721-20191028_175030-img1.png","","sonic WIP, recen para que Jehovah me de las fuerzas para terminarlo https://t.co/yabVBymME2","","",5
"2019/10/28 16:29:47","","rodYoki","@rodyoki","https://twitter.com/rodyoki/status/1188900687490498560","Image","https://pbs.twimg.com/media/EH_S3SoX0AE6qwI?format=png&name=orig","rodyoki-1188900687490498560-20191028_162947-img1.png","","Mood https://t.co/c8cNnNK1aW","",2,6
"2019/10/28 14:20:41","","rodYoki","@rodyoki","https://twitter.com/rodyoki/status/1188868200588566528","Image","https://pbs.twimg.com/media/EH-1U5QXkAA61c2?format=jpg&name=orig","rodyoki-1188868200588566528-20191028_142041-img1.jpg","","@Empanadas_boy cuando era chico pensaba que ese vato era mujer. https://t.co/1sf2zzonz4",1,"",1
"2019/10/27 23:56:32","","rodYoki","@rodyoki","https://twitter.com/rodyoki/status/1188650727020863488","Image","https://pbs.twimg.com/media/EH7vhhxXkAA_Npw?format=jpg&name=orig","rodyoki-1188650727020863488-20191027_235632-img1.jpg","","con la frustración del otro dibujo hice otro para redimirme, me gusto mucho la oreja https://t.co/XLpnsF9K0e",1,1,4
"2019/10/26 02:07:01","","rodYoki","@rodyoki","https://twitter.com/rodyoki/status/1187958789569466368","Image","https://pbs.twimg.com/media/EHx6NVOXUAEc6aY?format=jpg&name=orig","rodyoki-1187958789569466368-20191026_020701-img1.jpg","","Dibujo que hice para un concurso. Es el mejor ejemplo de cuando te esfuerzas por hacer algo grande, pero de tanto fracasar y por falta de tiempo terminas realizando algo mucho mas humilde y no tan chido :/ https://t.co/ntSmdDmKJW","",1,7
"2019/10/26 02:07:01","","rodYoki","@rodyoki","https://twitter.com/rodyoki/status/1187958789569466368","Image","https://pbs.twimg.com/media/EHx6NVNXUAEU3oF?format=png&name=orig","rodyoki-1187958789569466368-20191026_020701-img2.png","","Dibujo que hice para un concurso. Es el mejor ejemplo de cuando te esfuerzas por hacer algo grande, pero de tanto fracasar y por falta de tiempo terminas realizando algo mucho mas humilde y no tan chido :/ https://t.co/ntSmdDmKJW","",1,7
"2019/10/22 19:17:51","","rodYoki","@rodyoki","https://twitter.com/rodyoki/status/1186768657931784194","Image","https://pbs.twimg.com/media/EHg_yN7XkAI8VPB?format=jpg&name=orig","rodyoki-1186768657931784194-20191022_191751-img1.jpg","","tenia ganas de hacer a alguien sonriente :) https://t.co/6Wf0vYuXfH",1,1,4
"2019/10/22 17:31:46","","rodYoki","@rodyoki","https://twitter.com/rodyoki/status/1186741961924984832","Image","https://pbs.twimg.com/media/EHgnf1GX0AUH0T8?format=jpg&name=orig","rodyoki-1186741961924984832-20191022_173146-img1.jpg","","quería hacerme una foto de perfil pero se pierden muchos detalles cuando se achican las imágenes, lo intentaré de nuevo pero mas chiquito https://t.co/UcufCYwubS",1,"",3
"2019/10/11 17:56:33","","rodYoki","@rodyoki","https://twitter.com/rodyoki/status/1182761931201011712","Image","https://pbs.twimg.com/media/EGoDs96W4AAHeK2?format=png&name=orig","rodyoki-1182761931201011712-20191011_175633-img1.png","","dibujos pirujos 2 https://t.co/rkgUFkAgl4",1,1,6
"2019/10/11 17:56:33","","rodYoki","@rodyoki","https://twitter.com/rodyoki/status/1182761931201011712","Image","https://pbs.twimg.com/media/EGoDs96W4AIXbfp?format=png&name=orig","rodyoki-1182761931201011712-20191011_175633-img2.png","","dibujos pirujos 2 https://t.co/rkgUFkAgl4",1,1,6
"2019/10/11 17:56:33","","rodYoki","@rodyoki","https://twitter.com/rodyoki/status/1182761931201011712","Image","https://pbs.twimg.com/media/EGoDs97W4AET5IV?format=png&name=orig","rodyoki-1182761931201011712-20191011_175633-img3.png","","dibujos pirujos 2 https://t.co/rkgUFkAgl4",1,1,6
"2019/10/11 17:56:33","","rodYoki","@rodyoki","https://twitter.com/rodyoki/status/1182761931201011712","Image","https://pbs.twimg.com/media/EGoDs97WkAAPaEJ?format=png&name=orig","rodyoki-1182761931201011712-20191011_175633-img4.png","","dibujos pirujos 2 https://t.co/rkgUFkAgl4",1,1,6
"2019/10/04 17:21:33","","rodYoki","@rodyoki","https://twitter.com/rodyoki/status/1180216405154816002","Image","https://pbs.twimg.com/media/EGD4kEoW4AQ-rTm?format=jpg&name=orig","rodyoki-1180216405154816002-20191004_172133-img1.jpg","","@Empanadas_boy ño https://t.co/y40yVQgDHU",1,"",""
"2019/10/04 17:11:14","","rodYoki","@rodyoki","https://twitter.com/rodyoki/status/1180213812819103745","Image","https://pbs.twimg.com/media/EGD2NAyXkAAWl91?format=jpg&name=orig","rodyoki-1180213812819103745-20191004_171114-img1.jpg","","@Empanadas_boy muchas gracias amigo :o se nota que es usted alguien de buen gusto https://t.co/6Rfkxkn1aj",1,"",1
"2019/10/04 16:55:48","","rodYoki","@rodyoki","https://twitter.com/rodyoki/status/1180209927727587328","Image","https://pbs.twimg.com/media/EGDyqjWWkAEIBSE?format=png&name=orig","rodyoki-1180209927727587328-20191004_165548-img1.png","","dibujos pirujos 1 https://t.co/rFu2KMPb5a",1,"",3
"2019/10/04 16:55:48","","rodYoki","@rodyoki","https://twitter.com/rodyoki/status/1180209927727587328","Image","https://pbs.twimg.com/media/EGDyqjWWoAEXOl7?format=jpg&name=orig","rodyoki-1180209927727587328-20191004_165548-img2.jpg","","dibujos pirujos 1 https://t.co/rFu2KMPb5a",1,"",3
"2019/10/04 16:55:48","","rodYoki","@rodyoki","https://twitter.com/rodyoki/status/1180209927727587328","Image","https://pbs.twimg.com/media/EGDyqjWWsAIqRUC?format=png&name=orig","rodyoki-1180209927727587328-20191004_165548-img3.png","","dibujos pirujos 1 https://t.co/rFu2KMPb5a",1,"",3
"2019/10/04 16:55:48","","rodYoki","@rodyoki","https://twitter.com/rodyoki/status/1180209927727587328","Image","https://pbs.twimg.com/media/EGDyqjVXkAA-kuh?format=png&name=orig","rodyoki-1180209927727587328-20191004_165548-img4.png","","dibujos pirujos 1 https://t.co/rFu2KMPb5a",1,"",3
"2019/10/02 19:39:18","","rodYoki","@rodyoki","https://twitter.com/rodyoki/status/1179526295522287616","Image","https://pbs.twimg.com/media/EF6E6ORWsAACj4L?format=jpg&name=orig","rodyoki-1179526295522287616-20191002_193918-img1.jpg","","@Empanadas_boy https://t.co/sSIrMQmcom",1,"",""
"2019/10/01 21:00:47","","rodYoki","@rodyoki","https://twitter.com/rodyoki/status/1179184416184324096","Image","https://pbs.twimg.com/media/EF1N9mXXUAccDaT?format=jpg&name=orig","rodyoki-1179184416184324096-20191001_210047-img1.jpg","","WIP Gengar, le doy una semana #Pokemon https://t.co/bj5nYlE7bt","",1,7
"2019/10/01 19:09:46","","rodYoki","@rodyoki","https://twitter.com/rodyoki/status/1179156479103905793","Image","https://pbs.twimg.com/media/EF00kEKXoAQGVqJ?format=png&name=orig","rodyoki-1179156479103905793-20191001_190946-img1.png","","@RenrRe https://t.co/RNpTNXntMf","","",1
"2019/09/12 15:22:21","","rodYoki","@rodyoki","https://twitter.com/rodyoki/status/1172213877439901696","Image","https://pbs.twimg.com/media/EESKSf5XoAUXZiv?format=jpg&name=orig","rodyoki-1172213877439901696-20190912_152221-img1.jpg","","dibujo de 2fort para un mini concurso de tf2.
+skill
+rayones en la tableta https://t.co/CfomfEpttO",1,2,10
"2019/09/09 19:56:30","","rodYoki","@rodyoki","https://twitter.com/rodyoki/status/1171195704825589760","Image","https://pbs.twimg.com/media/EEDsRw0XYAAMuHA?format=jpg&name=orig","rodyoki-1171195704825589760-20190909_195630-img1.jpg","","Hice un 2fort bien rapidin X~X https://t.co/bZFGdPK9Gh","","",""
"2019/09/06 01:13:08","","rodYoki","@rodyoki","https://twitter.com/rodyoki/status/1169825838683975680","Image","https://pbs.twimg.com/media/EDwOYdZVUAAwVIk?format=jpg&name=orig","rodyoki-1169825838683975680-20190906_011308-img1.jpg","","Hice un dibujo para mi hermana y su negocio de shampoo, creo que es el primer dibujo en Photoshop que he terminado. https://t.co/f5fPE5VDt2","","",3
"2019/08/26 22:39:29","","rodYoki","@rodyoki","https://twitter.com/rodyoki/status/1166163291275694085","Image","https://pbs.twimg.com/media/EC8LUpmWsAEi0pP?format=png&name=orig","rodyoki-1166163291275694085-20190826_223929-img1.png","","ey https://t.co/FgpbsvYOCq",1,"",2
"2019/08/21 00:46:06","","rodYoki","@rodyoki","https://twitter.com/rodyoki/status/1164020827467243520","Image","https://pbs.twimg.com/media/ECduxIXWkAAkj6n?format=png&name=orig","rodyoki-1164020827467243520-20190821_004606-img1.png","","decidí hacer a un lado mi ansiedad y dibujar un poquito. Creo que para no haber hecho nada en una semana están bastante bien 🖍️ https://t.co/BlfbyWWB4h","","",2
"2019/08/21 00:46:06","","rodYoki","@rodyoki","https://twitter.com/rodyoki/status/1164020827467243520","Image","https://pbs.twimg.com/media/ECduxIXW4AAYCGF?format=png&name=orig","rodyoki-1164020827467243520-20190821_004606-img2.png","","decidí hacer a un lado mi ansiedad y dibujar un poquito. Creo que para no haber hecho nada en una semana están bastante bien 🖍️ https://t.co/BlfbyWWB4h","","",2
"2019/08/21 00:46:06","","rodYoki","@rodyoki","https://twitter.com/rodyoki/status/1164020827467243520","Image","https://pbs.twimg.com/media/ECduxIWXsAI031_?format=png&name=orig","rodyoki-1164020827467243520-20190821_004606-img3.png","","decidí hacer a un lado mi ansiedad y dibujar un poquito. Creo que para no haber hecho nada en una semana están bastante bien 🖍️ https://t.co/BlfbyWWB4h","","",2
"2019/08/12 15:10:58","","rodYoki","@rodyoki","https://twitter.com/rodyoki/status/1160976986283622406","Image","https://pbs.twimg.com/media/EByeZ3DXYAIycy3?format=jpg&name=orig","rodyoki-1160976986283622406-20190812_151058-img1.jpg","","@RetroCabeza @8BitDo Están bien, pero me enoja un poco que los youtubers los glorifiquen tanto sin hablar de los diagonales que son sensibles como el carajo. Tuve que ponerles cinta para limitarlos un poco. https://t.co/fmfD5eOiSV",1,"",""
"2019/08/12 15:03:21","","rodYoki","@rodyoki","https://twitter.com/rodyoki/status/1160975070820524032","Image","https://pbs.twimg.com/media/EBycq4VW4AAOQY4?format=jpg&name=orig","rodyoki-1160975070820524032-20190812_150321-img1.jpg","","@theneedledrop https://t.co/lvdFFELnVO","","",""